Number,Item,Description,Condition,Status,Notes,ImageURL
9,Walkie Talkie,Motorola,1,0,,
11,Walkie Talkie,Motorola,1,0,,
12,Walkie Talkie,Motorola,1,0,,
25,Sleeping Bag,Blue/Grey,3,0,,
41,Climbing Shoes,Red Scarpa Size 8.5,1,0,,
45,Cooking,metal,3,0,,
50,Guide Book,Map of Mount Washington,1,0,,
51,Guide Book,Map of Lake Jocassee,1,0,,
52,Guide Book,Map of Grand Teton Memorial Parkway,1,0,,
53,Guide Book,Map of Saint Mary's Wilderness,1,0,,
54,Guide Book,Map of Mount Rogers,1,0,,
55,Guide Book,Map of Appalachain Trail Snickers Gap to Chester Gap,1,0,,
56,Guide Book,Map of Appalachain Trail Snickers Gap to Chester Gap,1,0,,
57,Guide Book,Map of Ramsey's Daft Wilderness,1,0,,
58,Guide Book,Circuit Hikes in Shenandoah Nat. Park,1,0,,
90,Harness,Black Diamond,1,0,,
122,Belay Device,Silver ATC W/ Screw Lock Gate,2,0,,
162,Sleeping Bag,Red Mountain Hardware,1,2,,
173,Webbing,Red 1in 60cm,1,0,,
177,Webbing,Green 1in 60cm,1,0,,
178,Webbing,Blue 1in 60cm,1,0,,
181,Webbing,Gray 1in 60cm,1,0,,
209,Guide Book,Rock Climbing Red Rocks,3,0,,
210,Guide Book,Seneca,2,0,,
211,Guide Book,NRG Rock Climber's Guidebook,1,0,,
222,Climbing Protection,Silver Black Diamond Camalot Size 0.4,2,0,,
223,Climbing Protection,Purple Black Diamond Camalot Size 0.5,2,0,,
224,Climbing Protection,Green Camalot Size 0.75,2,0,,
227,Climbing Protection,Red Black Diamond Camalot Size 1,2,0,,
228,Climbing Protection,Gold Black Diamond Camalot Size 2,1,0,,
229,Climbing Protection,Gold Black Diamond Camalot Size 2,2,0,,
230,Climbing Protection,Blue Black Diamond Camalot Size 3,2,0,,
231,Climbing Protection,Blue Black Diamond Camalot Size 3,2,0,,
232,Climbing Protection,Black Diamond Camalot Size 3.5,2,0,,
233,Climbing Protection,Black Diamond Camaot Size 3.5,2,0,,
235,Climbing Protection,Grey Black Diamond Camalot Size 4,2,0,,
236,Climbing Protection,Black Diamond Camalot Size 4.5,2,0,,
291,Sleeping Bag,Red Mountain Hardware,2,0,,
297,Sleeping Bag,Gray/Peach Sierra Designs,2,0,,
328,Sleeping Pad,Green Thermarest Ridgerest,2,0,,
329,Sleeping Pad,Green Thermarest Ridgerest,1,0,,
333,Sleeping Pad,Green Thermarest Ridgerest,1,0,,
345,Sleeping Bag,Blue Slumberjack,2,0,,
367,Backpack,Blue/Yellow Mountain Smith,2,0,,
380,Guide Book,Day and Overnight Hikes in WV,1,0,,
380,Guide Book,Hikes in West Virginia Monongahela,1,0,,
381,Guide Book,Monongahela National Forest Hiking Guide,1,0,,
382,X-Country Ski Poles,"Black/White Rossignol 62""",0,0,,
383,Guide Book,50 Hikes in NOVA,2,0,,
386,Guide Book,the Hiking Trails of Florida,1,0,,
386,Guide Book,The Hiking Trails of Florida's National Forests..,1,0,,
388,Guide Book,Circuit Hikes in Shenandoah National Park,3,0,,
389,Ground Tarp,Gray Tarp in Black Mesh Bag,1,0,,
390,Ground Tarp,Dark Blue Tarp in Black Mesh Bag,1,0,,
391,Ground Tarp,Navy in Mesh Bag,1,0,,
392,Ground Tarp,Gray in Mesh Bag,1,0,,
393,Ground Tarp,Gray in Mesh Bag,1,0,,
394,Ground Tarp,Dark Blue Tarp,1,0,,
395,Ground Tarp,Tarp for Kelty Tent,2,0,,
396,Ground Tarp,Tarp for Kelty Tent,2,0,,
446,Caving Helmet,White,2,0,,
447,Helmet,White Caving/Trailblazing,1,0,,
448,Helmet,White Caving/Trailblazing,1,0,,
449,Helmet,White Caving/Trailblazing,1,0,,
450,Helmet,White Caving/Trailblazing,1,0,,
451,Helmet,White Caving/Trailblazing,1,0,,
463,Helmet,Yellow Caving/Trailblazing,1,0,,
464,Caving Helmet,White,2,0,,
483,Stoves,MSR Fuel Canister 22oz/650ml,1,0,,
484,Stoves,MSR Fuel Canister 22oz/650ml,1,0,,
486,Stoves,MSR Fuel Canister 33oz/975 ml,1,0,,
501,Backpack Rain Cover,Black MountainSmith,1,0,,
503,Tools,Silver,0,0,,
505,Walkie Talkie,Motorola,3,0,,
506,Walkie Talkie,Motorola,3,0,,
507,Walkie Talkie,Motorola,3,0,,
649,Maps,Mt. Rogers National Geo.,1,0,,
667,Guide Book,"Ramsey's Draft Wilderness, Virginia",1,0,,
669,Guide Book,Map of Appalachain Trail Moreland Gap to Sam's Gap,1,0,,
671,Guide Book,Florida Trail Maps,1,0,,
672,Snowshoes,Green,1,0,,
677,Gaiters,Blue Outdoor Research Gaiters,2,0,,
679,Cooking,Green Igloo Cooler,2,0,,
680,Cooking,Green Igloo Cooler,2,0,,
683,Tent,Turqouise Tent-Probably 4 person,2,0,,
685,Stove,MSR Whisperlite,2,0,,
686,Cooking,Black Plastic,2,0,,
686,Cooking,plastic cooking,1,0,,
687,Cooking,small black cooking pot,2,0,,
688,Cooking,Black Plastic storage cooking pot,2,0,,
689,Cooking,Black Plastic cooking pot,2,0,,
691,Cooking,Grey small camping pan,2,0,,
694,Cooking,"MSR 3 tin cooking pots- large, medium, small",2,0,,
696,Cooking,metal,3,0,,
698,Stoves,MSR Fuel Canister 22oz/650ml,1,0,,
699,Stoves,MSR Fuel Canister 22oz/650ml,1,0,,
752,Guide Book,"Bubba City, New River Gorge",2,0,,
754,Climbing Shoes,Black Boreal Size,3,0,,
757,Sleeping Pad,grey ridgerest,1,0,,
760,X-Country Skis,Red Alpina,2,0,,
761,X-Country Skis,Red Alpina,2,0,,
762,X-Country Skis,Red Alpina,2,0,,
763,X-Country Skis,Red/Grey Alpina,1,0,,
764,X-Country Skis,Red/Grey Alpina,1,0,,
765,Ski Shoes,Black Alpina,1,0,,
766,Ski Shoes,Black Alpina,1,0,,
767,Ski Shoes,Black Alpina,1,0,,
768,Ski Shoes,Black Alpina,1,0,,
769,Ski Shoes,Black Alpina,1,0,,
770,Ski Shoes,Black Alpina,1,0,,
771,Ski Shoes,Black Alpina,1,0,,
784,Water Bladder,MSR 10 Liter,1,0,,
786,Guide Book,Map of Appalachain Trail in Central Shenadoah,1,0,,
787,Guide Book,Map of Appalachain Trail in Shenadoah Nat. Park,1,0,,
788,Guide Book,Mountain biking in virginia (falcon guide),1,0,,
789,Guide Book,50 Hikes in Southern Virginia,1,0,,
800,Stoves,MSR Whisperlite,1,0,,
801,Stove,MSR Whisperlite,1,0,,
802,Snowshoes,Orange MSR,2,0,,
803,Snowshoes,Orange MSR,2,0,,
804,Snowshoes,Orange MSR,1,0,,
806,Snowshoes,Orange MSR,2,0,,
807,Snowshoes,Orange MSR,1,0,,
808,Snowshoe Tails,Black,1,0,,
809,Snowshoe Tails,Black,2,0,,
810,Snowshoe Tails,Black,1,0,,
811,Snowshoe Tails,Black,1,0,,
812,Snowshoe Tails,Black,2,0,,
813,Snowshoe Tails,Black,2,0,,
814,Snowshoe Tails,Black,1,0,,
815,Snowshoe Tails,Black,2,0,,
822,Backpack Rain Cover,Black MountainSmith,2,0,,
825,Backpack Rain Cover,Black MountainSmith,2,0,,
828,Guide Book,50 Hikes in West Virginia,1,0,,
828,Guide Book,50 hikes in WV,1,0,,
830,Guide Book,Mountain biking in west virginia,1,0,,
831,Guide Book,West Virgina Atlas,1,0,,
831,Guide Book,WV atlas,1,0,,
841,Drawstring Bag,Gray and Green Adidas Bro-bag,1,0,,
842,Drawsting Bag,Gray and Green Adidas Bro-bag,1,0,,
853,Backpack,"navy m frame m waist, no brain",2,0,,
855,Backpack,Red Gregory Electra Womens Small,3,0,,
857,Backpack,Red/Black Medium,2,0,,
858,Backpack,Red Gregory Electra Womens Medium,2,0,,
866,Cooking,MSR large and small cooking tin set,2,0,,
868,Cooking,MSR large and small cooking tin set,1,0,,
869,Cooking,"Silver, small cooking pan",2,0,,
870,Cooking,silver small cooking lid,3,0,,
871,Cooking,Small silver cooking lid,3,0,,
872,Cooking,Large silver cooking lid,3,0,,
873,Cooking,Primus silver cooking lid,1,0,,
873,Stoves,MSR Fuel Canister 22oz/650ml,1,0,,
874,Cooking,Small silver cooking pot,2,0,,
875,Cooking,Black cooking pan with handle,1,0,,
876,Cooking,Silver cooking lid,1,0,,
877,Ground Tarp,Grey MSR Papa Hubba,0,0,,
879,Ground Tarp,Grey MSR Hubba Hubba,0,0,,
880,Ground Tarp,Grey MSR Hubba Hubba,0,0,,
881,Ground Tarp,Grey MSR Hubba Hubba,0,0,,
882,Ground Tarp,Grey MSR Hubba Hubba,0,0,,
883,Ground Tarp,Grey MSR Hubba Hubba,0,0,,
884,Ground Tarp,Grey MSR Hubba Hubba,0,0,,
885,Ground Tarp,Grey MSR Hubba Hubba,1,0,,
886,Ground Tarp,Grey MSR Hubba Hubba,0,0,,
887,Ground Tarp,Grey MSR Hubba Hubba,0,2,,
888,Ground Tarp,Grey MSR Hubba Hubba,0,0,,
889,Ground Tarp,Grey MSR Hubba Hubba,0,0,,
890,Backpack,Olive Osprey Atmos 50L Medium,0,0,,
890,Tent,MSR Papa Hubba NX 4 person,1,0,,
891,Backpack,Olive Osprey Atmos 50L Medium,0,0,,
891,Tent,MSR Papa Hubba NX 4 person,3,0,,
892,Backpack,Olive Osprey Atmos 50L Medium,0,0,,
892,Tent,MSR Hubba Hubba NX 2 person,0,0,,
893,Backpack,Olive Osprey Atmos 50L Medium,0,0,,
893,Tent,MSR Hubba Hubba NX 2 person,0,0,,
894,Tent,MSR Hubba Hubba NX 2 person,0,0,,
895,Tent,MSR Hubba Hubba NX 2 person,0,0,,
896,Tent,MSR Hubba Hubba NX 2 person,0,0,,
897,Tent,MSR Hubba Hubba NX 2 person,0,0,,
898,Tent,MSR Hubba Hubba NX 2 person,0,0,,
899,Tent,MSR Hubba Hubba NX 2 person,0,0,,
899,Tent,MSR Hubba Hubba NX 2 person,0,0,,
900,Guide Book,Falcon Camping WV & VA,1,0,,
901,Guide Book,Bouldering Colorado,2,0,,
902,Guide Book,"Mountain Climbing VA, WV, and maryland",1,0,,
903,Guide Book,Hiking West Virginia,1,0,,
904,Guide Book,A Climber's Guide to the Teton Range,1,0,,
905,Guide Book,Falcon AMGA Single Pitch Manual,1,0,,
906,Guide Book,"Rock climbing VA, WV, Maryland",1,0,,
907,Guide Book,Cooper's Rock bouldering guide,1,0,,
908,Guide Book,Hiking Zion and Bryca Canyon National Parks,1,0,,
909,Guide Book,Falcon Best Climbs of Moab,1,0,,
910,Cooking,black,1,0,,
910,Guide Book,Falcon Paddling MD & DC,1,0,,
911,Guide Book,Climber's Guide to Glacier National Park,1,0,,
912,Backpack Rain Cover,Black MountainSmith,1,0,,
912,Guide Book,Todd Swain The Gunks Guide,1,0,,
913,Backpack Rain Cover,Dark Green Osprey L,0,0,,
914,Backpack Rain Cover,Dark Green Osprey L,0,0,,
915,Backpack Rain Cover,Dark Green Osprey L,0,0,,
916,Backpack Rain Cover,Dark Green Osprey L,0,0,,
920,Pillow,Blue/Grey Kelty,2,0,,
921,Sleeping Bag,Black/Orange North Face -20 degree,1,0,,
925,Guide Book,Climbing Rockingham County,1,0,,
929,Guide Book,Hiking Shenandoah National Park,1,0,,
938,Backpack Rain Cover,Blue Gregory 5000ci,2,0,,
950,Rope Bag,Grey Metolius with pink dynamic rope,0,0,,
951,Rope Bag,Grey Metolius with pink dynamic 70m,0,0,,
952,Rope Bag,Grey Metolius with dynamic rope,0,0,,
953,Rope Bag,Grey Metolius with blue Petzel 70m,0,0,,
954,Rope Bag,Grey Metolius Chalk Bag with red petzel 9.8 70m,0,0,,
955,Helmet,Grey/Orange Petzl Elios,0,0,,
956,Helmet,Grey/Orange Petzl Elios,0,0,,
957,Helmet,Grey/Orange Petzl Elios,0,0,,
964,Guide Book,Bubba City Climber's Guide,1,0,,
971,Climbing Shoes,Grey Evolv Size 5,1,0,,
975,Climbing Shoes,Black Evolv Size 8.5,3,0,,
989,Climbing Shoes,Grey Evolv Titan Size 12.5,1,0,,
1001,Stoves,MSR Fuel Canister 33oz/975 ml,1,0,,
1003,Stoves,MSR Fuel Canister 33oz/975 ml,1,0,,
1004,Stoves,Fuel Canister,1,0,,
1005,Stoves,Whisperlite,1,0,,
1006,Cooking,Gold Windscreen,1,0,,
1007,Cooking,Gold Windscreen,2,0,,
1007,Cooking,Gold Windscreen,1,0,,
1008,Tools,Saw Life Link,1,0,,
1009,Ground Tarp,Outdoor Research orange ground tarp (in a Sierra bag),1,0,,
1021,First Aid Kit,Blue,1,0,,
1023,First Aid Kit,Blue,1,0,,
1025,Sleeping Bag,Sierra Designs Cochise Delta blue,1,0,,
1026,Sleeping Bag,Delta blue Sierra Designs 15*F,1,0,,
1030,Sleeping Bag,Light blue Sierra Designs 0*F,2,0,,
1031,Sleeping Bag,Light blue Sierra Designs 0*F,1,0,,
1042,Cooking,Mesh bag with pan handle and ladle,2,0,,
1045,Cooking,"Pots, Black Mesh Bag, Two measuring cups",2,0,,
1046,Cooking,Cooking set in black bag (large cooking pot),1,0,,
1048,Water Filter,Katadyn water,3,2,,
1050,Water Filter,Sawyer 64oz filtration squeeze bags,1,0,,
1052,Compass,Compass,1,0,,
1056,Compass,Compass,1,0,,
1071,Helmet,White Caving/Trailblazing,1,0,,
1072,Helmet,White Caving/Trailblazing,2,0,,
1087,Belay Device,Silver GriGri Petzl,2,0,,
1102,Guide Book,Guide to the Appalachian Trail,1,0,,
1104,Guide Book,The Pocono Mountains,1,0,,
1113,Sleeping Bag,Green Sierra Designs,2,0,,
1115,Sleeping Bag,Red Sierra Designs,2,0,,
1118,Sleeping Bag,Blue Sierra Designs,2,0,,
1127,Chalkbag,Blue Misty Mountain,1,0,,
1133,Rope Bag,Black Metolius,1,0,,
1134,Rope Bag,Blue Metolius,1,0,,
1135,Rope Bag,Grey Metolius,1,0,,
1136,Sleeping Pad,Yellow/Grey Therm-A-Rest Z Lite,2,0,,
1148,Sleeping Pad,Yellow/Grey Therm-A-Rest Z Lite,1,0,,
1149,Sleeping Pad,Yellow/Grey Therm-A-Rest Z Lite,1,0,,
1183,Guide Book,Canoeing,1,0,,
1184,Guide Book,Canoeing and Kayaking,1,0,,
1185,Guide Book,The Best of Paddler,1,0,,
1186,Guide Book,Hiking in Grand teton national park (falcon guide),1,1,,
1193,Reel Bag,Brown Orvis,1,0,,
1195,Reel Bag,Brown Orvis,1,0,,
1196,Tackle Box,Clear,1,0,,
1198,Tackle Box,Clear,1,0,,
1199,Stuff Sack,Orange Sea to Summit 5L,1,0,,
1201,Stuff Sack,Green Sea to Summit 5L,1,0,,
1203,DVD,Head's Up! River Rescue for River Runners,1,0,,
1203,DVD,Head's Up! River Rescue for River Runners,1,0,,
1204,DVD,"Cold, Wet, and Alive",1,0,,
1205,DVD,Solo Open Whitewater Canoeing,1,0,,
1206,DVD,It's Your Turn A Defensive Boating Primer,1,0,,
1207,Guide Book,Introduction To Paddling,1,0,,
1208,Guide Book,"Paddle Safe, Paddle Smart",1,0,,
1209,Cooking,big orange water cooler,1,0,,
1214,Tent,Black 3 Person,1,0,,
1217,Stoves,Coleman Triton,1,0,,
1218,Stoves,Coleman Triton,1,0,,
1223,Stoves,MSR Whisperlight,1,0,,
1229,Stoves,MSR Fuel Canister 22oz/650ml,1,0,,
1230,Stoves,MSR Fuel Canister 22oz/650ml,1,0,,
1231,Stoves,MSR Fuel Canister 22oz/650ml,1,0,,
1232,Stoves,MSR Fuel Canister 22oz/650ml,1,0,,
1236,Stoves,MSR Fuel Canister 22oz/650ml,1,0,,
1250,Sleeping Bag,North Face,3,0,,
1251,Guide Book,New river gorge rock climbing,1,0,,
1262,Sleeping Bag,Red/Gray Mountain Hard Wear,1,0,,
1266,Climbing Shoes,Grey Evolv Titan Size 4,1,0,,
1267,Climbing Shoes,Grey Evolv Titan Size 5,2,0,,
1268,Climbing Shoes,Grey Evolv Titan Size 5,1,0,,
1270,Climbing Shoes,Grey Evolv Titan Size 5.5,1,0,,
1271,Climbing Shoes,Grey Evolv Titn Size 4.5,1,0,,
1281,Waders,Hodgman Size #10,1,0,,
1281,Waders,Hodgman Size #9,1,0,,
1288,Stoves,MSR Fuel Canister 22oz/650ml,1,0,,
1290,Headlamp,White Coleman,3,0,,
1300,Belay Device,Blue Black Diamond ATC W/ Screw Lock Gate,2,0,,
1301,Belay Device,Red Black Diamond ATC W/ Screw Lock Gate,2,0,,
1303,Locking Carabiner,Black Petzl,1,0,,
1333,Harness,Mammut S,2,0,,
1336,Harness,Mammut S,1,0,,
1338,Harness,Mammut M,2,0,,
1340,Harness,Mammut L,1,0,,
1349,Crash Pad,Black Madrock single fold,1,0,,
1351,Snowshoes,Blue,1,0,,
1353,Tent,Granite Gear,1,0,,
1365,Headlamp,Blue Preztl,1,0,,
1404,Guide Book,How To Fly Fish,1,0,,
1407,Slacklining Tree Pad,Green Gibbon Treewear,1,0,,
1407,Slacklining Tree Pad,Green Gibbon Treewear,1,0,,
1421,Harness,Black Diamond XS-M,1,0,,
1428,Belay Device,Silver Black Diamond ATC W/ Screw Lock Gate,1,0,,
1431,Belay Device,Silver Black Diamond ATC W/ Screw Lock Gate,1,0,,
1434,Belay Device,Silver Black Diamond ATC W/ Screw Lock Gate,2,0,,
1449,Locking Carabiner,Silver,1,0,,
1451,Belay Device,Gold Black Diamond ATC W/ Screw Lock Gate,2,0,,
1452,Belay Device,Silver Black Diamond ATC W/ Screw Lock Gate,2,0,,
1453,Belay Device,Red Black Diamond ATC W/ Screw Lock Gate,2,0,,
1455,Locking Carabiner,Silver Black Diamond,2,0,,
1459,Locking Carabiner,Silver,2,0,,
1461,Belay Device,Silver Black Diamond ATC W/ Screw Lock Gate,2,0,,
1461,Climbing Protection,Purple Black Diamond Camalot Size .5,1,0,,
1486,Cooking,Silver cooking pot with lid,2,0,,
1487,Cooking,Green Measuring Cup,1,0,,
1495,Tackle Box,Chomper Fanny Pack lookin bag with line and boxes inside,0,0,,
1496,Waders,Pro Line Size 13,1,0,,
1499,Climbing Shoes,Blue Evolv Titan Size 6.5,1,0,,
1500,Climbing Shoes,Blue Evolv Titan Size 6,1,0,,
1501,Climbing Shoes,Blue Evolv Size 7,2,0,,
1503,Climbing Shoes,Blue and orange Evolv. Size 7.5,2,0,,
1504,Climbing Shoes,Blue Evolv Titan Size 7.5,1,0,,
1505,Climbing Shoes,Green/Orange Evolv Docon Size 6,2,0,,
1506,Climbing Shoes,Green.Orange Evolv Docon Size 7,1,0,,
1507,Climbing Shoes,Green/Orange Evolv Docon Size 7.5,1,0,,
1514,Hammock,Orange/Grey ENO Double Nest,1,0,,
1517,Chalk Bag,Large Black Prana chalkbag,1,0,,
1518,Stoves,MSR Whisperlite,1,0,,
1519,Stoves,MSR Whisperlite,1,0,,
1521,Sleeping Bag,Green/Blue Outdoor Research,1,0,,
1522,Headlamp,Green Petzl,1,0,,
1522,Headlamp,Petzl,1,0,,
1528,Climbing Shoes,Blue Evolv Titan Size 8.5,2,0,,
1529,Climbing Shoes,Blue Evolv Titan Size 9,2,0,,
1532,Climbing Shoes,Blue Evolv Titan Size 12,1,0,,
1533,Climbing Shoes,Blue Evolv Titan Size 13,1,0,,
1534,Climbing Shoes,Blue Evolv Size 14,2,0,,
1536,Chalkbag,Green Wild Country large,1,0,,
1537,Chalk Bag,Large Green Wildcountry chalkbag,0,0,,
1545,Harness,Wild Country L,1,0,,
1547,Harness,Wild Country L,1,0,,
1550,Harness,Wild Country L,1,0,,
1558,GoPro,"GoPro Hero, selfie stick, attached floatie, mount, battery pack, SD card",1,0,,
1559,GoPro,"GoPro Hero, selfie stick, attached floatie, mount, battery pack, SD card",1,0,,
1560,Hammock,Yellow/Purple/Blue ENO,1,0,,
1562,Hammock,Atlas XL Straps,1,0,,
1564,Hammock,Atlas XL Straps,1,0,,
1565,Hammock,Grey/Navy Eno Rainfly,1,0,,
1566,Hammock,Grey/Navy ENO Rainfly,1,0,,
1573,Disk Golf,Orange,1,0,,
1575,Disk Golf,Red,1,0,,
1580,Backpack-Daypack,Red EXPED,3,0,,
1583,Harness,Wild Country XS,1,0,,
1584,Harness,Wild Country XS,1,0,,
1585,Stoves,MSR Pocket Rocket,2,0,,
1593,Sleeping Bag,Marmot Tressles 30,1,0,,
1596,Sleeping Bag,Green Marmot Tressles 30 with purple zippers,2,0,,
1597,Sleeping Bag,Orange/Black Alps Mountaineering,2,0,,
1599,Sleeping Bag Liner,Orange/Black Alps Mountaineering,2,0,,
1676,Hammock,Yellow/Purple/Blue ENO,2,0,,
1700,Climbing Shoes,Green/Orange Evolv Docon Size 9.5,1,0,,
1702,Climbing Shoes,Blue Evolv Titan Size 10.5,2,0,,
1703,Climbing Shoes,Blue Evolv Titan Size 10,1,0,,
1704,Disk Golf,Pink,1,0,,
1706,Disk Golf,White,1,0,,
1709,,Tamper/rake,1,0,,
1711,Gloves,Grey FG,1,2,,
1711,Gloves,Black/Tan FG,1,2,,
1712,Gloves,Yellow/Black FG,3,0,,
1713,Gloves,Red/Blacck FG,1,0,,
1714,Tools,Fiskars Clippers,1,0,,
1715,Tools,Fiskars Clippers,1,0,,
1736,Soft Cooler,Kelty Camp Carton,1,0,,
1748,Belay Device,Blue GriGri Petzl W/ Red Am'D Twist Gate,1,0,,
1749,Belay Device,Silver Black Diamond ATC W/ Screw Lock Gate,2,0,,
1751,Belay Device,Blue Black Diamond ATC W/ Screw Lock Gate,2,0,,
1759,First Aid Kit,REI,1,0,,
1760,First Aid Kit,REI backpacker first aid kit,1,0,,
1761,Headlamp,Red/Black BYTE,1,0,,
1763,Headlamp,PTEC,1,0,,
1765,Headlamp,PTEC,1,0,,
1766,Hammock,Blue/Purple ENO Double Nest,1,0,,
1767,Hammock,Blue/Yellow/Teal ENO,1,0,,
1768,Hammock,Atlas XL Straps,1,0,,
1769,X-Country Ski Poles,Blue Komperdell 155cm,0,0,,
1776,Water Filter,Sawyer mini,1,0,,
1777,Water Filter,Sawyer mini,1,0,,
1779,Guide Book,New River Gorge bouldering,1,0,,
1781,Backpack,Green REI backpack,1,0,,
1784,Backpack,REI women's small,1,0,,
1814,Headlamp,Brown Petzl,1,0,,
1815,Headlamp,Petzl,1,0,,
1817,Backpack,Navy Osprey,1,0,,
1817,Ski Shoes,Cross country boots,1,0,,
1818,Headlamp,Green Black Diamond,1,0,,
1821,Crash Pad,Black Metolious,1,0,,
1822,Water Pouch,Reliance Water Pouch,1,0,,
1823,Water Pouch,Reliance Water Pouch,1,0,,
1826,First Aid Kit,REI,1,0,,
1828,Sleeping Pad,Green Thermarest Ridgerest,1,0,,
1829,Sleeping Pad,Green Thermarest Ridgerest,1,0,,
1853,Chalk Bag,Green Metolius,2,0,,
1856,X-Country Ski Poles,"Black/White Rossignol 56""",0,0,,
1857,X-Country Ski Poles,"Black/White Rossignol 58""",0,0,,
1858,X-Country Skis,Green/White Rossignol,0,0,,
1859,Sleeping Bag,Blue and Grey Bag 20F,1,2,,
1860,X-Country Ski Poles,"Black/White Rossignol 60""",0,0,,
1861,X-Country Ski Poles,"Black/White Rossignol 60""",0,0,,
1862,Ski Shoes,Black Rossignol X-2 Tour size EU 42,1,0,,
1863,Backpack,Outdoor Products Fanny Pack,1,0,,
1864,GoPro,Chesty,1,0,,
1865,X-Country Skis,White/Black/Red Rossignol,1,0,,
1871,Backpack,Blue Osprey Escalante,1,0,,
1874,Backpack,Green Osprey Escalante 90L +10,1,0,,
1875,Backpack,Green Osprey Escalante,1,0,,
1876,Sleeping Bag,Blue/Green Nemo 30F,1,0,,
1877,Sleeping Bag,Red Nemo Verve 30F,1,0,,
1879,Sleeping Bag,Turquoise Nemo 20F,0,0,,
1880,Sleeping Bag,Turquoise Nemo 20F,0,0,,
1881,Sleeping Pad,NEMO insulated with foot pump,1,0,,
1882,Sleeping Pad,NEMO insulated with foot pump,1,0,,
1884,Guide Book,Map of Appalachain Trail in North Shenandoah,1,0,,
1885,Guide Book,Map of Appalachain Trail in Central Shenadoah,1,0,,
1886,Guide Book,SNP South District Map,1,0,,
1891,Helmet,Grey/Orange Petzl Elios,1,0,,
1892,Helmet,Grey/Orange Petzl Elios,1,0,,
1893,Helmet,Grey/Orange Petzl Elios,1,0,,
1894,Helmet,Grey/Orange Petzl Elios,1,0,,
1895,Helmet,Grey/Orange Petzl Elios,1,0,,
1896,Helmet,Grey/Orange Petzl Elios,1,0,,
1904,Sleeping Bag,Blue/Grey Sierra Designs,0,0,,
1905,Sleeping Bag,Blue/Grey Sierra Designs,0,0,,
1906,Tent,Green dagger 2 person,1,0,,
1907,Hammock,Grey ENO Underquilt,1,0,,
1908,Stoves,large propane camp stove,1,0,,
1909,Hammock,Navy/Blue ENO Underquilt,1,0,,
1910,Hammock,Grey ENO Rainfly,1,0,,
1912,Hammock,Green/Grey ENO double nest,1,0,,
1913,Water Filter,Blue,1,0,,
1913,Water Filter,Water filter with all parts in bag,1,0,,
1914,Headlamp,Black diamond,1,0,,
1915,Sleeping Pad,Yellow/Grey Therm-A-Rest Z Lite,1,0,,
1916,Tent,MSR Hubba Hubba NX 2 person,1,0,,
1917,Hammock,Purple/Pink ENO,1,0,,
1918,Hammock,Atlas XL Straps,1,0,,
1919,Trekking Poles,Black Leki,1,0,,
1920,Hammock,Dark Green ENO Rainfly,1,0,,
1921,Hammock,Yellow/Purple/Blue ENO Double Nest,1,0,,
1922,Sleeping Pad,Yellow/Grey Therm-A-Rest Z Lite,1,0,,
1923,Harness,Blue/Grey Petzl Corax S-M,2,0,,
1924,Harness,Blue/Grey Petzl Corax S-M,1,0,,
1925,Harness,Blue/Grey Petzl Corax S-M,1,0,,
1926,Harness,Blue/Grey Petzl Corax L-XL,1,0,,
1927,Rope Bag,Red Metolius,1,0,,
1928,Tent,MSR Hubba Hubba NX 2 person,1,0,,
1930,Crash Pad,Blue/Orange Organic Crash Pad single fold,1,0,,
1941,Climbing Protection,Gold Black Diamond Ultralight Size 2 W/ color matched Hoodwire,1,0,,
1952,Climbing Protection,Light Purple Black Diamond Camalot Size 5,1,0,,
1953,Climbing Protection,Olive Black Diamond Camalot Size 6,1,0,,
1954,Climbing Protection,Blue Black Diamond Ultralight Size 3 W/ color matched Hoodwire,1,0,,
1955,Climbing Protection,Blue Black Diamond Ultralight Size 3 W/ color matched Hoodwire,1,0,,
1956,Climbing Protection,Red Black Diamond Ultralight Size 1 W/ color matched Hoodwire,1,0,,
1957,Climbing Protection,Red Black Diamond Ultralight Size 1 W/ color matched Hoodwire,3,0,,
1958,Climbing Protection,Green Black Diamond Ultralight Size .75 W/ color matched Hoodwire,1,0,,
1959,Climbing Protection,Green Black Diamond Ultralight Size 0.75 W/ color matched Hoodwire,1,0,,
1960,Climbing Protection,Purple Black Diamond Ultralight Size 0.5 W/ color matched Hoodwire,1,0,,
1961,Climbing Protection,Purple Black Diamond Ultralight Size 0.5 W/ color matching Hoodwire,0,0,,
1962,Locking Carabiner,Grey/Red Petzl Am'D Twist,1,0,,
1963,Locking Carabiner,Grey/Red Petzl Am'D Twist,1,0,,
1964,Locking Carabiner,Grey/Red Petzl Am'D Twist,1,0,,
1965,Locking Carabiner,Grey/Red Petzl Am'D Twist,1,0,,
1966,Locking Carabiner,Grey/Red Petzl Am'D Twist,1,0,,
1967,Locking Carabiner,Grey/Red Petzl Am'D Twist,1,0,,
1968,Locking Carabiner,Grey/Red Petzl Am'D Twist,1,0,,
1979,Chalkbag,Green Arc'Teryx S,0,0,,
1981,Helmet,Blue/White Petzl Meteor,1,0,,
1982,Helmet,Blue/White Petzl Meteor,1,0,,
1992,Climbing Protection,Gold Black Diamond Ultralight Size 2 W/ color matched Hoodwire,1,0,,
1993,Climbing Protection,Grey Black Diamond Ultralight Size 0.4 W/ color matched Hoodwire,1,0,,
1994,Climbing Protection,Grey Black Diamond Ultralight Size 4 W/ color matched Hoodwire,1,0,,
1995,Climbing Protection,Grey Black Diamond Ultralight Size 4 W/ color matched Hoodwire,1,0,,
1996,Rope Bag,Grey Metolius,1,0,,
1997,Rope Bag,Grey Metolius,1,0,,
1998,Rope Bag,Grey Metolius,1,0,,
1999,Rope Bag,Grey Metolius,1,0,,
2000,Harness,Petzl Corax Periwinkle Small Harness,1,0,,
2001,Harness,Blue/Grey Petzl Corax L-XL,1,0,,
2004,Bear Container,Bear Vault Bear Container,1,0,,
2005,Sleeping Bag,Green,1,0,,
2006,Sleeping Bag,Green/Dark Green,1,0,,
2007,Sleeping Bag,Red REI,2,0,,
2008,Sleeping Bag,Red REI Lumen Regular 20*F,1,0,,
2009,Sleeping Bag,Red/Grey,1,0,,
2011,First Aid Kit,Red,1,0,,
2011,Sleeping Pad,Green Thermarest Ridgerest,1,0,,
2012,Stoves,JetBoil Sumo Black,1,0,,
2013,,Hammock,1,0,,
2014,Backpack,Green osprey escalante 90+100L,0,0,,
2015,Headlamp,Orange/Grey Black Diamond,0,0,,
2016,Sleeping Bag,Black Northwest Territory,3,0,,
2017,Ground Tarp,Blue,2,0,,
2019,Disk Golf,Orange,1,0,,
2019,Harness,Blue/Grey Petzl Corax S-M,1,0,,
2020,Cooking,Large white and blue cooler,1,0,,
2020,Harness,Blue/Grey Petzl Corax S-M,1,0,,
2021,Harness,Blue/Grey Petzl Corax L-XL,0,0,,
2022,Backpack Rain Cover,Dark Green Osprey 70L,1,0,,
2023,Backpack Rain Cover,Dark Green Osprey L,1,0,,
2024,Backpack Rain Cover,Dark Green Osprey L,1,0,,
2025,Backpack Rain Cover,Dark Green Osprey L,1,0,,
2026,Backpack Rain Cover,Dark Green Osprey L,1,0,,
2026,Backpack Rain Cover,Gray Osprey,1,0,,
2027,Backpack Rain Cover,Dark Green Osprey L,1,0,,
2028,Backpack Rain Cover,Gray Osprey,1,0,,
2029,Backpack Rain Cover,Dark Green Osprey L,1,0,,
2030,Backpack Rain Cover,Gray Osprey,1,0,,
2031,Hammock,Orange/Grey ENO Double Nest,1,0,,
2032,Hammock,Blue/Navy ENO Double Nest,1,0,,
2032,Hammock,Blue/Navy ENO Double Nest,1,0,,
2034,Hammock,Atlas XL Straps,1,0,,
2035,Hammock,Atlas XL Straps,1,0,,
2036,Hammock,Atlas XL Straps,1,0,,
2037,Headlamp,Orange/Grey Black Diamond,1,0,,
2038,Headlamp,Orange/Grey Black Diamond,1,0,,
2039,Headlamp,Orange/Grey Black Diamond,1,0,,
2040,Headlamp,Orange/Grey Black Diamond,1,0,,
2041,Harness,Blue/Grey Petzl Corax L-XL,1,2,,
2041,Headlamp,Orange/Grey Black Diamond,1,0,,
2042,Headlamp,White BYTE,1,0,,
2043,Trekking Poles,Black Leki,1,0,,
2044,Trekking Poles,Black Leki,1,0,,
2045,Helmet,White Caving/Trailblazing,2,0,,
2047,First Aid Kit,red,1,0,,
2047,Sleeping Pad,Yellow/Grey Therm-A-Rest Z Lite,0,0,,
2050,Climbing Protection,Grey Black Diamond Ultralight Size 0.4 W/ color matched Hoodwire,1,0,,
2052,Backpack,Green Osprey Escalante,0,0,,
2053,Tools,Red Hatchet,1,0,,
2054,Climbing Protection,Blue Black Diamond Camalot Size 0.3,1,0,,
2054,Climbing Protection,Grey Black Diamond Camalot Size .4,0,0,,
2055,Sleeping Pad,Orange REI,0,0,,
2056,REI travel sack,Grey,1,0,,
2057,Cooking,Silver pot with lid,2,0,,
2058,Guide Book,Acadia Climber's Guide,1,0,,
2059,DVD,"Cold, Wet, and Alive",1,0,,
2060,Harness,Blue/Grey Petzl Corax L-XL,1,0,,
2062,Guide Book,Hiking Virginia,1,0,,
2064,Climbing Protection,Green Torque Nuts Size 1,0,0,,
2065,Climbing Protection,Gold Torque Nuts Size 2,0,0,,
2066,Climbing Protection,Red Torque Nuts Size 3,0,0,,
2067,Climbing Protection,Blue Torque Nuts Size 4,0,0,,
2068,X-Country Ski Poles,"Blue/Silver Komperdell 50""",0,0,,
2069,Climbing Protection,Red Black Diamond Camalot Size 0.1,2,0,,
2072,Climbing Protection,Blue Black Diamond Camalot Size 0.3,2,0,,
2074,First Aid Kit,red/black small,2,0,,
2075,Crash Pad,madrock single fold,1,0,,
2076,Climbing Shoes,Green La Sportiva Tarantula Size 7,1,0,,
2077,Climbing Shoes,Green La Sportiva Tarantula Size 9,1,0,,
2078,Climbing Shoes,Green La Sportiva Tarantula Size 9,1,0,,
2079,Climbing Shoes,Green La Sportiva Tarantula Size 10,1,0,,
2081,Climbing Shoes,Green La Sportiva Tarantula Size 7,1,0,,
2082,Climbing Shoes,Green La Sportiva Tarantula Size 8.5,1,0,,
2083,Climbing Shoes,Orange La Sportiva Tarantula Size 7.5,1,0,,
2084,Climbing Shoes,Orange La Sportiva Tarantula Size 8.5,1,0,,
2085,Climbing Shoes,Orange La Sportiva Tarantula Size 8.5,1,0,,
2086,Climbing Shoes,Orange La Sportiva Tarantula Size 8.5,1,0,,
2088,Climbing Shoes,Orange La Sportiva Tarantula Size 6.0,0,0,,
2089,Climbing Shoes,Orange La Sportiva Tarantula Size 6.0,1,0,,
2090,Climbing Shoes,Orange La Sportiva Tarantula Size 6.0,1,0,,
2091,Climbing Shoes,Orange la sportiva tarantula size 6.0,1,0,,
2092,Climbing Shoes,Orange La Sportiva Tarantula Size 7.5,1,0,,
2094,Climbing Shoes,Orange La Sportiva size 6.5 +,0,0,,
2095,Climbing Shoes,Orange La Sportiva Tarantula 6.5+,1,0,,
2096,Climbing Shoes,Orange La Sportiva Tarantula Size 6.5,1,0,,
2097,Climbing Shoes,Orange La Sportiva tarantula Size7.5,1,0,,
2639,Headlamp,Orange/Grey Black Diamond,1,0,,
2871,Stoves,MSR Fuel Canister 22oz/650ml,1,0,,
2872,Stoves,MSR Isopro Fuel 8oz,1,0,,
2873,Stoves,Coleman Propane 16oz,1,0,,
2874,Stoves,Coleman Propane 16oz,1,0,,
2875,Stoves,Coleman Propane 16oz,1,0,,
2876,Stoves,Coleman Propane 16oz,1,0,,
2877,Stoves,Coleman Propane 16oz,1,0,,
3000,Headlamp,Orange/Grey Black Diamond,0,0,,
3000,Headlamp,Orange/Grey Black Diamond,1,0,,
3001,Helmet,White Caving/Trailblazing,1,2,,
3002,Candles,Ziplock Candles,3,0,,
3003,Gloves,Work Gloves,1,0,,
3004,Chalkbag,Red Metolius S,1,0,,
3005,Headlamp,Orange/Grey Black Diamond,0,0,,
3006,Headlamp,Orange/Grey Black Diamond,0,0,,
3007,Gloves,Work Gloves,3,0,,
3008,Sleeping Bag,Blue/Grey North Face Furnace,1,0,,
3009,Sleeping Bag,Blue/Grey REI,3,0,,
3010,Headlamp,Orange/Grey Black Diamond,1,0,,
3010,Backpack,ULA CDT,1,0,,
3011,Backpack,ULA CDT ultralite backpack,1,0,,
3011,Headlamp,Orange/Grey Black Diamond,1,2,,
3012,Headlamp,Orange/Grey Black Diamond,1,2,,
3013,Headlamp,Orange/Grey Black Diamond,1,2,,
3014,Headlamp,Orange/Grey Black Diamond,1,0,,
3015,Headlamp,Black/Grey Petzl Tikka plus 2,1,0,,
3016,Belay Device,Blue GriGri Petzl W/ Red Am'D Twist Gate,1,0,,
3017,Headlamp,Orange/Grey Black Diamond,0,0,,
3018,Chalkbag,Deep Red Metolious S,1,0,,
3019,Cooking,propane Extender,0,0,,
3020,Cooking,propane Extender,0,0,,
3021,Tent,Nemo Galaxy 2 Person,1,0,,
3022,Sleeping Bag,Red REI Lumen,1,0,,
3023,Tent,Kelty 10 Person,1,0,,
3026,Sleeping Bag,Royal blue sierra Designs,2,0,,
3028,Headlamp,Orange/Grey Black Diamond,2,0,,
3029,Harness,Blue/Grey Petzl Corax S-M,2,0,,
3031,Ground Tarp,Brown/Green Kelty,1,0,,
3032,Backpack,Deep Blue Osprey 90L,1,0,,
3033,Hammock,Grey/Red ENO Ember2 Underquilt,2,0,,
3034,Hammock,Grey/Red ENO Ember2 Underquilt,1,0,,
3035,Hammock,Atlas XL Straps,2,0,,
3036,Hammock,Yellow/Blue ENO Double Nest,2,0,,
3037,Hammock,Orange/Yellow/Red Eno Double Nest,2,0,,
3038,Hammock,Brown/Red ENO Double Nest,2,0,,
3039,Hammock,Atlas XL Straps,2,0,,
3040,Hammock,Dark Green ENO Rainfly,2,0,,
3041,Hammock,Grey ENO Rainfly,2,0,,
3042,Belay Device,Grey GriGri Petzl W/ Red Am'D Twist Gate,0,0,,
3043,Belay Device,Grey GriGri Petzl W/ Red Am'D Twist Gate,0,0,,
3044,Belay Device,Grey GriGri Petzl W/ Red Am'D Twist Gate,0,0,,
3045,Belay Device,Grey GriGri Petzl W/ Red Am'D Twist Gate,0,0,,
3046,Belay Device,Grey GriGri Petzl W/ Red Am'D Twist Gate,0,0,,
3047,Belay Device,Grey GriGri Petzl W/ Red Am'D Twist Gate,0,0,,
3048,Belay Device,Grey GriGri Petzl W/ Red Am'D Twist Gate,0,0,,
3049,Belay Device,Grey GriGri Petzl W/ Red Am'D Twist Gate,0,0,,
3050,Headlamp,Orange/Grey Black Diamond,2,0,,
3051,Headlamp,Black/Red PTEC,2,0,,
3054,Headlamp,PETZL yellow piece of shit headlamp + battery,3,0,,
3056,Headlamp,Black/Grey PrincetonTec,2,0,,
3059,Harness,Blue/Grey Petzl Corax L-XL,1,0,,
3060,Haul Bag,Green Metolius Half Dome,0,0,,
3061,Backpack,Blue Osprey Escalante 90L,0,0,,
3062,Tools,Grey/Yellow TrueTemper Hoe,0,0,,
3063,Tools,Grey/Yellow TrueTemper Hoe,0,0,,
3064,Tools,Black/Blue Cobalt Shovel,0,0,,
3065,Tools,Grey TrueTemper Pickaxe,0,0,,
3066,Tools,Black/Blue Cobalt Shovel,0,0,,
3067,Tools,Black/Blue Cobalt Shovel,0,0,,
3068,Tools,Black/Yellow Trowel,0,0,,
3069,Tools,Black/Yellow Trowel,0,0,,
3070,Tools,Blcak/Yellow Fork,0,0,,
3071,Tools,Blcak/Yellow Fork,0,0,,
3072,Tools,Weeders,0,0,,
3073,Tools,Weeders,0,0,,
3074,Tools,Red Hatchet,2,0,,
3075,Tools,Grey/Black TrueTemper Tamper,0,0,,
3076,Gloves,White/Black Goatskin L,0,0,,
3077,Gloves,White/Black Goatskin XL,0,0,,
3078,Gloves,White/Black Goatskin M,0,0,,
3079,Gloves,White/Black Goatskin L,0,0,,
3080,Tripod,Black Manfrotto,0,0,,
3081,Harness,Blue/Gray Petzl Corax S-M,1,0,,
3084,Trekking Poles,Black,1,0,,
3085,Headlamp,Orange/Grey Black Diamond,1,0,,
3086,First Aid Kit,Sam Splint,1,0,,
3088,Backpack Rain Cover,Grey REI 40L,0,0,,
3089,Backpack Rain Cover,Orange REI 60L,0,0,,
3090,Backpack Rain Cover,Orange REI 60L,0,0,,
3091,Backpack Rain Cover,Orange REI 60L,0,0,,
3092,Backpack Rain Cover,Orange REI 60L,0,0,,
3093,Backpack Rain Cover,Orange REI 80L,0,0,,
3094,Backpack Rain Cover,Grey REI 80L,0,0,,
3095,Backpack Rain Cover,Grey REI 80L,0,0,,
3096,Backpack Rain Cover,Grey REI 80L,0,0,,
3097,Backpack Rain Cover,Grey REI 100L,0,0,,
3098,Backpack Rain Cover,Grey REI 100L,0,0,,
3099,Stick Clip,Blue Beta Climbing Designs,0,0,,
3100,Climbing Shoes,Blue Evolv Titan Size 12.5,0,0,,
3101,Climbing Shoes,Blue Evolv Titan Size 13,0,0,,
3102,Climbing Shoes,Blue Evolv Titan Size 13,0,0,,
3103,Climbing Shoes,Blue Evolv Titan Size 12,0,0,,
3104,Climbing Shoes,Blue Evolv Titan Size 12,0,0,,
3105,Climbing Shoes,Blue Evolv Titan Size 11.5,0,0,,
3106,Climbing Shoes,Blue Evolv Titan Size 11,0,0,,
3107,Climbing Shoes,Blue Evolv Titan Size 11,0,0,,
3108,Climbing Shoes,Blue Evolv Titan Size 11.5,0,0,,
3109,Climbing Shoes,Blue Evolv Titan Size 11,0,0,,
3110,Climbing Shoes,Blue Evolv Titan Size 10.5,0,0,,
3111,Climbing Shoes,Blue Evolv Titan Size 10,0,0,,
3112,Climbing Shoes,Blue Evolv Titan Size 10,0,0,,
3113,Climbing Shoes,Blue Evolv Titan Size 10,0,0,,
3114,Climbing Shoes,Blue Evolv Titan Size 10,0,0,,
3115,Climbing Shoes,Blue Evolv Titan Size 9,1,0,,
3116,Climbing Shoes,Blue Evolv Titan Size 9,1,0,,
3117,Climbing Shoes,Blue Evolv Titan Size 9.5,0,0,,
3118,Backpack,Navy osprey escalante 90+10L,0,0,,
3119,Chalk Bag,Blue misty mountain chalk bag,3,0,,
3120,Sleeping Pad,Blue yoga mat that is doubling as a sleeping pad,1,0,,
3121,Work Gloves,Grey/Black Work Gloves,1,0,,
3122,Work Gloves,Grey/Black Work Gloves,1,0,,
3123,Ground Tarp,Kelty 2? Person Ground Tarp,1,0,,
3124,Gloves,beige and blue with yellow stripes,3,0,,
3124,Gloves,"Grey gloves with blue sleeve, no brand",3,0,,
3125,Sleeping Bag,North Face Orange and Grey Sleeping Bag,2,0,,
3126,Tent,Alps Mountaineering 3 person,1,0,,
3127,Headlamp,Orange Black Diamond headlamp,1,0,,
3128,Sleeping Bag,Red Marmot Never Summer 0 degrees,0,0,,
3129,Sleeping Bag,Red Marmot Never Summer 0 degrees,0,0,,
3219,Caving,,2,0,,
3500,Caving,Black knee pads,2,0,,
3501,Caving,black knee pads,2,0,,
3502,Caving,black knee pads,2,0,,
3503,Headlamp,black diamond head lamp,0,0,,
3705,Tools,Tamper,1,0,,
3910,Backpack Rain Cover,Black MountainSmith Rain Cover 3,0,0,,
5014,Chalkbag,Metolius yellow chalk bag,2,0,,
5063,Sleeping Bag,Black Coleman,2,0,,
5064,Sleeping Pad,Insul-A-Mat Wenzel Fat Sleeping Pad,3,0,,
5065,Sleeping Bag,"Coleman wide/2p sleeping bag grey exterior, blue interior",2,0,,
5066,Sleeping Pad,ThermaRest Z-Lite,0,0,,
5067,Sleeping Pad,ThermaRest Z-Lite,0,0,,
5068,Sleeping Pad,ThermaRest Z-Lite,0,0,,
5069,Sleeping Pad,ThermaRest Z-Lite,0,0,,
5070,Sleeping Pad,ThermaRest Z-Lite,0,0,,
5071,Sleeping Pad,ThermaRest Z-Lite,0,0,,
5072,Sleeping Pad,ThermaRest Z-Lite,0,0,,
5073,Sleeping Pad,ThermaRest Z-Lite,0,0,,
5074,Sleeping Pad,ThermaRest Z-Lite,0,0,,
5075,Sleeping Bag,Lumen 20-degree regular 3 season,0,0,,
5076,Sleeping Bag,Lumen 20-degree regular 3 season,0,0,,
5077,Sleeping Bag,Lumen 20-degree regular 3 season,0,0,,
5078,Sleeping Bag,Lumen 20-degree regular 3 season,0,0,,
5079,Sleeping Bag,Lumen 20-degree regular 3 season,0,0,,
5080,Sleeping Bag,Lumen 20-degree regular 3 season,0,0,,
5081,Sleeping Bag,Lumen 20-degree regular 3 season,0,0,,
5082,Sleeping Bag,Lumen 20-degree regular 3 season,0,0,,
5083,Sleeping Bag,Red Marmot Never Summer 0 degrees,0,0,,
5084,Headlamp,Orange/Grey Black Diamond,0,0,,
5085,Headlamp,Orange/Grey Black Diamond,0,0,,
5088,Headlamp,Orange/Grey Black Diamond,0,0,,
5089,Hammock,Green Yukon Outfitters,1,0,,
5090,First Aid Kit,Blue Mountain Series Medical Kit Fundamentals,0,0,,
5091,First Aid Kit,Blue Mountain Series Medical Kit Fundamentals,0,0,,
5092,First Aid Kit,Blue Mountain Series Medical Kit Fundamentals,0,0,,
5093,First Aid Kit,Blue Mountain Series Medical Kit Fundamentals,0,0,,
5094,First Aid Kit,Blue Mountain Series Medical Kit Fundamentals,0,0,,
5095,First Aid Kit,Blue Mountain Series Medical Kit Fundamentals,0,0,,
5096,First Aid Kit,Blue Mountain Series Medical Kit Fundamentals,0,0,,
5097,First Aid Kit,Blue Mountain Series Medical Kit Fundamentals,0,0,,
5098,First Aid Kit,Blue Mountain Series Medical Kit Fundamentals,0,0,,
5099,First Aid Kit,Blue Mountain Series Medical Kit Fundamentals,0,0,,
5100,Backpack,Grey Osprey Volt 75L,0,0,,
5101,Climbing Protection,Black Petzl Jumar/ ascender left handed,0,0,,
5102,Climbing Protection,Black Petzl Jumar/ ascender right handed,0,0,,
5103,Emergency Blanket,Heatsheets Survival Blanket 1-2 people,0,0,,
5104,Emergency Blanket,Heatsheets Survival Blanket 1-2 people,0,0,,
5105,Emergency Blanket,Heatsheets Survival Blanket 1-2 people,0,0,,
5106,Emergency Blanket,Heatsheets Survival Blanket 1-2 people,0,0,,
5107,Emergency Blanket,Heatsheets Survival Blanket 1-2 people,0,0,,
5108,Emergency Blanket,Heatsheets Survival Blanket 1-2 people,0,0,,
5109,Emergency Blanket,Heatsheets Survival Blanket 1-2 people,0,0,,
5110,Emergency Blanket,Heatsheets Survival Blanket 1-2 people,0,0,,
5111,Emergency Blanket,Heatsheets Survival Blanket 1-2 people,0,0,,
5112,Emergency Blanket,Heatsheets Survival Blanket 1-2 people,0,0,,
5113,Backpack,Grey Osprey Volt 75L,0,0,,
5114,Backpack,Grey Osprey Volt 75L,0,0,,
5115,Backpack,Grey Osprey Volt 75L,0,0,,
5116,Cooking,Black GSI cookset,0,0,,
5118,Cooking,Black GSI cookset,0,0,,
5119,Tent,Green and Grey Nemo Galaxi 2 person,0,0,,
5120,First Aid Kit,Ultralight/Watertight Yellow .7 Medical Kit,0,0,,
5121,First Aid Kit,Ultralight/Watertight Yellow .7 Medical Kit,0,0,,
5122,First Aid Kit,Ultralight/Watertight Yellow .7 Medical Kit,0,0,,
5123,First Aid Kit,Ultralight/Watertight Yellow .7 Medical Kit,0,0,,
5124,First Aid Kit,Ultralight/Watertight Yellow .7 Medical Kit,0,0,,
5125,First Aid Kit,Ultralight/Watertight Yellow .7 Medical Kit,0,0,,
5126,First Aid Kit,Ultralight/Watertight Yellow .7 Medical Kit,0,0,,
5127,First Aid Kit,Ultralight/Watertight Yellow .7 Medical Kit,0,0,,
5128,First Aid Kit,Ultralight/Watertight Yellow .7 Medical Kit,0,0,,
5129,First Aid Kit,Ultralight/Watertight Yellow .7 Medical Kit,0,0,,
5130,First Aid Kit,Ultralight/Watertight Yellow .7 Medical Kit,0,0,,
5131,First Aid Kit,Ultralight/Watertight Yellow .7 Medical Kit,0,0,,
5132,First Aid Kit,Ultralight/Watertight Yellow .7 Medical Kit,0,0,,
5133,First Aid Kit,Ultralight/Watertight Yellow .7 Medical Kit,0,0,,
5134,First Aid Kit,Ultralight/Watertight Yellow .7 Medical Kit,0,0,,
5135,Guide Book,Pisgah National Forest Ranger District,1,0,,
5136,Sleeping Pad,Gray Ridgerest,1,0,,
5137,Sleeping Bag,Green Alps Mountaineering 20 degree,1,0,,
5138,Sleeping Bag,Blue/Green Nemo 30F,1,0,,
5139,Sleeping Bag,Royal Blue Sierra Designs Zizzou 15,1,0,,
5140,Hammock,Blue/LightBlue Eno Single,1,0,,
5141,Hammock,ENO Atlas XL Straps,1,0,,
5142,Sleeping Bag,Black Northwest territory sleeping bag,1,0,,
5143,Sleeping Bag Liner,Black and red razor sleeping bag liner,1,0,,
5144,Hammock,ENO Atlas XL Straps,1,0,,
5145,Hammock,ENO Atlas XL Straps,1,0,,
5148,Hammock,NUO Hammock Straps,1,0,,
5148,Headlamp,Grey Black Diamond,0,0,,
5149,Sleeping Bag,Green REI Coop,1,0,,
5149,Headlamp,Grey Black Diamond,0,0,,
5150,Guide Book,Jackson Hole Trail Map Adventure Maps,1,0,,
5150,Headlamp,Orange Black Diamond,0,0,,
5151,Guide Book,Yellowstone Nat Geo Trails Illustrated Map,1,0,,
5151,Headlamp,Light Grey Black Diamond,0,0,,
5152,Guide Book,Grand Teton Nat Geo Trails Illustrated Map,1,0,,
5152,Headlamp,Grey Black Diamond,0,0,,
5153,Headlamp,Grey Black Diamond,0,0,,
5154,Guide Book,Moab Canyoneering,1,0,,
5154,Headlamp,Orange Black Diamond,0,0,,
5155,Guide Book,High on Moab Moab Climbs,1,0,,
5155,Headlamp,Light Grey Black Diamond,0,0,,
5156,Guide Book,Canyonlands National Park Nat Geo,1,0,,
5156,Headlamp,Grey Black Diamond,0,0,,
5157,Guide Book,Moab Single Track Map,1,0,,
5157,Headlamp,Light Grey Black Diamond,0,0,,
5158,Guide Book,Capitol Reef National Park Nat Geo Map,1,0,,
5158,Headlamp,Light Grey Black Diamond,0,0,,
5159,Guide Book,Arches National Park Nat Geo Map,1,0,,
5159,Headlamp,Orange Black Diamond,0,0,,
5160,Guide Book,Manti-La Sal National Forest Nat Geo Map,1,0,,
5161,Guide Book,Moab North Nat Geo Map,1,0,,
5162,Guide Book,Moab South Nat Geo Map,1,0,,
5162,Headlamp,Orange Black Diamond,0,0,,
5163,Headlamp,Orange Black Diamond,0,0,,
5164,Climbing Protection,DMM offset nut set of 5,0,0,,
5165,Sleeping Bag Liner,Sea to summit thermolite,0,0,,
5166,Sleeping Bag Liner,Sea to summit thermolite,0,0,,
5167,Sleeping Bag Liner,Sea to summit thermolite,0,0,,
5168,Sleeping Bag Liner,Sea to summit thermolite,0,0,,
5169,Sleeping Bag Liner,Sea to summit thermolite,0,0,,
5170,Sleeping Bag Liner,Sea to summit thermolite,0,0,,
5171,Sleeping Bag Liner,Sea to summit thermolite,0,0,,
5172,Sleeping Bag Liner,Sea to summit thermolite,0,0,,
5173,Sleeping Bag Liner,Sea to summit thermolite,0,0,,
5174,Sleeping Bag Liner,Sea to summit thermolite,0,0,,
5175,Water Filter,Sawyer squeeze,0,0,,
5176,Water Filter,Sawyer squeeze,0,0,,
5177,Water Filter,Sawyer squeeze,0,0,,
5178,Bike Rack,Kuat trio roof mountain bike rack with accessory bag (single bike),0,0,,
5179,Bikepacking Gear,Grey Ortleib handle bar bag (15 L),0,0,,
5180,Bikepacking Gear,Grey Ortleib seat post bag (11L),0,0,,
5181,Bikepacking Gear,Grey Ortleib handle bar bag (9 L),0,0,,
5182,Bikepacking Gear,Grey Ortleib handle bar bag (9 L),0,0,,
5183,Bikepacking Gear,Grey Ortleib handle bar bag (15 L),0,0,,
5184,Bikepacking Gear,Grey Ortleib handle bar bag (15 L),0,0,,
5185,Bikepacking Gear,Grey Ortleib seat post bag (11L),0,0,,
5186,Bikepacking Gear,Grey Ortleib seat post bag (11L),0,0,,
5187,Bikepacking Gear,Grey Ortleib handle bar bag (15 L),0,0,,
5188,Bikepacking Gear,Grey Ortleib fram bag (4L),0,0,,
5189,Bikepacking Gear,Grey Ortleib fram bag (4L),0,0,,
5190,Bikepacking Gear,Grey Ortleib fram bag (6L),0,0,,
5191,Bikepacking Gear,Grey Ortleib top tube bag,0,0,,
5192,Bikepacking Gear,Grey Ortleib seat post bag (11L),0,0,,
5193,Bike Rack,Yakima 4 bike tray,0,0,,
5194,Bike Rack,Yakima 2 bike tray,0,0,,
5416,Hammock,Navy/Light Blue ENO underquilt,1,0,,
5417,Sleeping Bag,Red/black Warmfoot Ozark trail,2,0,,
6969,Headlamp,Orange/Grey Black Diamond,1,0,,
42069,Headlamp,Orange/Gray Black Diamond,1,0,,
69420,Headlamp,Orange/Grey Black Diamond - Needs Batteries,1,0,,
-1,Belay Device,BD Green ATC Guide,1,0,,
-1,Alpine Draw,Orange/Grey CAMP 60cm,0,0,,
-1,Alpine Draw,Orange/Grey CAMP 60cm,0,0,,
-1,Alpine Draw,Orange/Grey CAMP 60cm,0,0,,
-1,Alpine Draw,Orange/Grey CAMP 60cm,0,0,,
-1,Alpine Draw,Orange/Grey CAMP 60cm,0,0,,
-1,Alpine Draw,Orange/Grey CAMP 60cm,0,0,,
-1,Alpine Draw,Orange/Grey CAMP 60cm,0,0,,
-1,Alpine Draw,Orange/Grey CAMP 60cm,0,0,,
-1,Alpine Draw,Orange/Grey CAMP 60cm,0,0,,
-1,Alpine Draw,Orange/Grey CAMP 60cm,0,0,,
-1,Alpine Draw,Orange/Grey CAMP 60cm,0,0,,
-1,Alpine Draw,Orange/Grey CAMP 60cm,0,0,,
-1,Alpine Draw,Orange/Grey CAMP 60cm,0,0,,
-1,Alpine Draw,Orange/Grey CAMP 60cm,0,0,,
-1,Backpack,Adidas Black/Green String Backpack,0,0,,
-1,Carabiner,Grey Black Diamond Neutrino,0,0,,
-1,Carabiner,Grey Black Diamond Neutrino,0,0,,
-1,Carabiner,Grey Black Diamond Neutrino,0,0,,
-1,Carabiner,Grey Black Diamond Neutrino,0,0,,
-1,Carabiner,Grey Black Diamond Neutrino,0,0,,
-1,Carabiner,Grey Black Diamond Neutrino,0,0,,
-1,Carabiner,Grey Black Diamond Neutrino,0,0,,
-1,Carabiner,Grey Black Diamond Neutrino,0,0,,
-1,Carabiner,Grey Black Diamond Neutrino,0,0,,
-1,Carabiner,Grey Black Diamond Neutrino,0,0,,
-1,Carabiner,Grey Black Diamond Neutrino,0,0,,
-1,Carabiner,Grey Black Diamond Neutrino,0,0,,
-1,Carabiner,Grey Black Diamond Neutrino,0,0,,
-1,Carabiner,Grey Black Diamond Neutrino,0,0,,
-1,Carabiner,Grey Black Diamond Neutrino,0,0,,
-1,Carabiner,Grey Black Diamond Neutrino,0,0,,
-1,Carabiner,Grey Black Diamond Neutrino,0,0,,
-1,Carabiner,Grey Black Diamond Neutrino,0,0,,
-1,Carabiner,Grey Black Diamond Neutrino,0,0,,
-1,Carabiner,Grey Black Diamond Neutrino,0,0,,
-1,Carabiner,Grey Black Diamond Neutrino,0,0,,
-1,Carabiner,Grey Black Diamond Neutrino,0,0,,
-1,Carabiner,Grey Black Diamond Neutrino,0,0,,
-1,Carabiner,Grey Black Diamond Neutrino,0,0,,
-1,Carabiner,Grey Black Diamond Neutrino,0,0,,
-1,Carabiner,Grey Black Diamond Neutrino,0,0,,
-1,Carabiner,Grey Black Diamond Neutrino,0,0,,
-1,Climbing Protection,Black Metolius Nut Tool,1,0,,
-1,Climbing Protection,Silver Wild Country Nut Tool,1,0,,
-1,Climbing Protection,Silver Black Diamond Nut set 4-13,3,0,,
-1,Climbing Protection,Blue/Pink/Brown/Red Tricams,2,0,,
-1,Climbing Protection,Silver Black Diamond Nut set 4-14,3,0,,
-1,Climbing Protection,Silver Black Diamond Nut set 4-15,3,0,,
-1,Climbing Protection,Silver Black Diamond Nut Tool,2,0,,
-1,Cooking,Cooking pan (Actually a pot top for a 2 pot),1,0,,
-1,Cordalette,Black Cordalette 7mm 30ft,1,0,,
-1,Cordalette,Green Cordalette 7mm 30ft,1,0,,
-1,Cordalette,Purple/Blue/Black 6mm 60cm,2,0,,
-1,Cordalette,Red/Black/Grey 6mm 60cm,2,0,,
-1,Cordalette,Red/Black/Grey 6mm 60cm,1,0,,
-1,Hammock,Atlas XL Straps,1,0,,
-1,Locking Carabiner,Grey/Blue Black Diamond RockLock Screwgate,0,0,,
-1,Locking Carabiner,Grey/Blue Black Diamond RockLock Screwgate,0,0,,
-1,Locking Carabiner,Grey/Blue Black Diamond RockLock Screwgate,0,0,,
-1,Locking Carabiner,Grey/Blue Black Diamond RockLock Screwgate,0,0,,
-1,Locking Carabiner,Grey/Blue Black Diamond RockLock Screwgate,0,0,,
-1,Locking Carabiner,Grey/Blue Black Diamond RockLock Screwgate,0,0,,
-1,Locking Carabiner,Grey/Blue Black Diamond RockLock Screwgate,0,0,,
-1,Locking Carabiner,Grey/Blue Black Diamond RockLock Screwgate,0,0,,
-1,Locking Carabiner,Grey/Blue Black Diamond RockLock Screwgate,0,0,,
-1,Locking Carabiner,Grey/Blue Black Diamond RockLock Screwgate,0,0,,
-1,Locking Carabiner,Grey/Blue Black Diamond RockLock Screwgate,0,0,,
-1,Locking Carabiner,Grey/Blue Black Diamond RockLock Screwgate,0,0,,
-1,Locking Carabiner,Grey/Blue Black Diamond RockLock Screwgate,0,0,,
-1,Locking Carabiner,Grey/Blue Black Diamond RockLock Screwgate,0,0,,
-1,Locking Carabiner,Grey/Blue Black Diamond RockLock Screwgate,0,0,,
-1,Locking Carabiner,Grey/Blue Black Diamond RockLock Screwgate,0,0,,
-1,Locking Carabiner,Grey/Blue Black Diamond RockLock Screwgate,0,0,,
-1,Locking Carabiner,Grey/Blue Black Diamond RockLock Screwgate,0,0,,
-1,Quickdraw,Orange/Grey Petzl Spirit set of 5,1,0,,
-1,Quickdraw,Black/Orange Black Diamond Freewire 12cm set of 6,0,0,,
-1,Quickdraw,Black/Orange Black Diamond Freewire 12cm set of 6,0,0,,
-1,Quickdraw,Black/Orange Black Diamond Freewire 12cm set of 6,0,0,,
-1,Quickdraw,Black/Orange Black Diamond Freewire 12cm set of 6,0,0,,
-1,Quickdraw,Blue/Yellow Petzl set of 4,1,0,,
-1,Quickdraw,Blue/Yellow Petzl set of 4,1,0,,
-1,Quickdraw,Grey Petzl Spirit set of 4,1,0,,
-1,Quickdraw,Grey Petzl Spirit set of 4,1,0,,
-1,Quickdraw,Grey Petzl Spirit set of 4,1,0,,
-1,Quickdraw,Grey/Orange Petzl Spirit Express set of 5,1,0,,
-1,Quickdraw,Orange/Grey Petzl Spirit set of 5,1,0,,
-1,Sling,Black/Gun Metal Black Diamond Nylon 60cm,3,0,,
-1,Sling,Blue Black Diamond Nylon 120cm,1,0,,
-1,Sling,Blue Black Diamond Nylon 120cm,1,0,,
-1,Sling,Blue Black Diamond Nylon 120cm,1,0,,
-1,Sling,Blue/Black Diamond Nylon 120cm,1,0,,
-1,Sling,Blue/White Black Diamond Dyneema 120cm,1,0,,
-1,Sling,Blue/White Black Diamond Dyneema 120cm,1,0,,
-1,Sling,Blue/White Black Diamond Dyneema 120cm,1,0,,
-1,Sling,Blue/White Black Diamond Dyneema 120cm,1,0,,
-1,Sling,Blue/White Black Diamond Dyneema 120cm,1,0,,
-1,Sling,Blue/White Mammut 8mm 120cm,1,0,,
-1,Sling,Blue/White Mammut 8mm 120cm,1,0,,
-1,Sling,Green/White Black Diamond Nylon 60cm,3,0,,
-1,Sling,Grey/Black Misty Mountain Nylon 60cm,2,0,,
-1,Sling,Grey/Black Misty Mountain Nylon 60cm,2,0,,
-1,Sling,Grey/White Black Diamond Dyneema 240cm,1,0,,
-1,Sling,Grey/White Black Diamond Dyneema 240cm,1,0,,
-1,Sling,Grey/White DMM Dyneema 60cm,1,0,,
-1,Sling,Grey/White Wild Country Dyneema 60cm,1,0,,
-1,Sling,Red/White Black Diamond Nylon 60cm,2,0,,
-1,Sling,Red/White Mammut Dyneema 60cm,1,0,,
-1,Sling,Red/White Mammut Dyneema 60cm,1,0,,
-1,Sling,Red/White Wild Country Dyneema 60cm,1,0,,
-1,Sling,Silver/Tan Black Diamond Nylon 60cm,2,0,,
-1,Sling,White/Black Black Diamond Nylon 60cm,2,0,,
-1,Sling,White/Black Dyneema 60cm,2,0,,
-1,Sling,Yellow/White Metolius Dyneema 120cm,2,0,,
-1,Static Rope,Green/Red Edelweiss 46M,2,0,,
-1,Static Rope,Green/Red Edelweiss 46M,2,0,,
-1,Static Rope,Orange/Yellow Sterling 20M,3,0,,
-1,Static Rope,Orange/Yellow Sterling 20M,3,0,,
-1,Static Rope,Orange/Yellow Sterling 20M,3,0,,
-1,Static Rope,Red/Blue Sterling 30M,3,0,,
-1,Static Rope,Red/Blue Sterling 30M,3,0,,
-1,Static Rope,Red/Blue Sterling 30M,3,0,,
-1,Static Rope,White/Red/Blue PMI 46M,0,0,,
-1,Static Rope,White/Red/Blue PMI 46M,0,0,,
1840,Life Jacket,Astral Blue and Black S/M,0,0,,
43,Life Jacket,Astral Red and Orange L,0,0,,
1841,Life Jacket,Astral Red and Orange M/L,0,0,,
1843,Life Jacket,Astral Red and Orange S/M,0,0,,
1154,Apparel,Back Immersion Research Booties Pair,0,0,,
1772,Surfboard,bamboo/teal Triple X,0,0,,
1673,Booties,Black Booties Size 9,0,0,,
409,Paddle,Black Carlisle Daytripper Kayak,0,0,,
1638,Apparel,Black Chota Neoprene Gloves,0,0,,
1678,Booties,Black Chota size 4,0,0,,
1612,Kayak,Black Dagger RPM Creekboat,0,0,,
1671,Booties,Black Ehota size 7,0,0,,
1655,Apparel,Black Gladiator Sleeveless Wetsuit Large,0,0,,
1669,Booties,Black Harmony size 5,0,0,,
1676,Booties,Black Harmony size 6,0,0,,
1653,Apparel,Black Harmony Sleeveless Wetsuit XL,0,0,,
1733,Accessories,Black Immersion Research cockpit cover,0,0,,
1735,Accessories,Black Immersion Research cockpit cover,0,0,,
1736,Accessories,Black Immersion Research Cockpit Cover,0,0,,
1724,Apparel,Black Immersion Research Drypants Large,0,0,,
1158,Apparel,Black Immersion Research Drytop XL,0,0,,
1719,Apparel,Black Immersion Research Pogies,0,0,,
1720,Apparel,Black Immersion Research Pogies,0,0,,
1721,Apparel,Black Immersion Research Pogies,0,0,,
1692,Apparel,Black Immersion Research Skullcap,0,0,,
1155,Booties,Black IR Booties,0,0,,
1156,Booties,Black IR Booties,0,0,,
1668,Booties,Black IR Booties,0,0,,
1687,Apparel,Black IR Skullcap,0,0,,
1153,Booties,Black IR XL,0,0,,
1688,Apparel,Black Kokatat Skullcap Large,0,0,,
1651,Apparel,Black NeoSport Sleeveless Wetsuit Medium,0,0,,
1681,Apparel,Black NRS Neoprene Gloves Medium,0,0,,
1682,Apparel,Black NRS Neoprene Gloves Medium,0,0,,
1679,Apparel,Black NRS Neoprene Gloves Small,0,0,,
1677,Booties,Black NRS size 11,0,0,,
1675,Booties,Black NRS size 13,0,0,,
1690,Apparel,Black NRS Skullcap L/XL,0,0,,
1691,Apparel,Black NRS Skullcap Small,0,0,,
1648,Apparel,Black NRS Sleeveless Wetsuit Small,0,0,,
944,Helmet,Black Pro-Tech L,0,0,,
1663,Helmet,Black Pro-Tech M,0,0,,
1647,Skirt,Black Seals Skirt Small,0,0,,
634,Skirt,Black Snapdragon Medium,0,0,,
1684,Apparel,Black Whitewater Outdoors Neoprene Gloves,0,0,,
1685,Apparel,Black Whitewater Outdoors Neoprene Gloves,0,0,,
1649,Apparel,Black/Grey MTI Sleeveless Wetsuit Medium,0,0,,
1845,Kayak,Blue Dagger GreenBoat creekboat,0,0,,
1640,Skirt,Blue Immersion Research Skirt Medium,0,0,,
1686,Apparel,Blue NRS Pogies,0,0,,
1555,Accessories,Blue NRS Tuff sack Drybag 6L,0,0,,
645,Helmet,Blue Pro-Tec,0,0,,
1662,Helmet,Blue SR,0,0,,
1697,Helmet,Blue SR w/gopro,0,0,,
2000,Kayak,Green Dagger Mamba 7.5 creekboat,0,0,,
1729,Apparel,Green Immersion Research Drytop XL,0,0,,
1674,Booties,Green shoes size 6,0,0,,
1725,Apparel,Grey Immersion Research Drypants XL,0,0,,
1666,Apparel,Grey Immersion Research Drytop Large,0,0,,
1667,Apparel,Grey Immersion Research Drytop Large,0,0,,
1728,Apparel,Grey Immersion Research Drytop Large,0,0,,
1160,Apparel,Grey Immersion Research Drytop Medium,0,0,,
1730,Accessories,Immersion Research Cockpit Cover,0,0,,
1743,Accessories,Immersion Research Cockpit Cover,0,0,,
837,Skirt,Immersion Research kayak Skirt,0,0,,
832,Skirt,Immersion Research Medium Kayak Skirt,0,0,,
1719,Accessories,Immersion Research Pogie (pair),0,0,,
1743,Skirt,Immersion Research Small Kayak Skirt,0,0,,
1804,Accessories,K-Pump,0,0,,
1805,Accessories,K-Pump,0,0,,
845,Life Jacket,Lotus Design Faded Orange S/M,0,0,,
843,Life Jacket,Lotus Design Faded Yellow XS,0,0,,
846,Life Jacket,Lotus Orange S/M,0,0,,
1650,Apparel,MRS Wetsuit Large,0,0,,
1629,Life Jacket,MTI Adventurewear Blue XL,0,0,,
1825,Life Jacket,MTI Adventurewear Red M/L,0,0,,
1630,Life Jacket,MTI Adventurewear Yellow M/L,0,0,,
1771,Surfboard,Multicolor Triple X,0,0,,
1773,Surfboard,Multicolor Triple X,0,0,,
1717,Booties,NRS Booties size 6,0,0,,
1847,Kayak,Orange Dagger Jitsu 5.9 playboat,0,0,,
1607,Kayak,Orange Jackson 4Fun playboat,0,0,,
1741,Helmet,Orange SR,0,0,,
1556,Accessories,Orange Throw rope,0,0,,
1846,Kayak,Purple/White Dagger Jitsu 5.5 playboat,0,0,,
1609,Kayak,Red Fluid Detox playboat,0,0,,
1726,Apparel,Red IR dry Top Arch Rival M,0,0,,
2001,Canoe,Red Old Town Guide 147,0,0,,
1600,Canoe,Red Old Town Penobscot 17,0,0,,
640,Helmet,Red Pro-Tec,0,0,,
644,Helmet,Red Pro-Tec s,0,0,,
1660,Helmet,Red Pro-Tech,0,0,,
2002,Kayak,Red Torrent Sit-on-top rec kayak S1,0,0,,
2003,Kayak,Red Torrent Sit-on-top rec kayak S2,0,0,,
844,Life Jacket,Reflex 2 Light Green XS/S,0,0,,
1832,Accessories,"Sea to summit, orange Dry bag",0,0,,
1643,Skirt,Seals Pro Shocker 1.4 Kayak Skirt,0,0,,
1642,Skirt,Seals Surf 1.4 Kayak Skirt,0,0,,
1644,Skirt,Seals Surf 1.4 Kayak Skirt,0,0,,
836,Skirt,Seals Surf 1.4 Kayak Skirt,0,0,,
1645,Skirt,Seals Surf 1.4 Kayak Skirt Medium,0,0,,
834,Skirt,Shockwave Emersion Research Kayak Skirt,0,0,,
1661,Helmet,Silver SR,0,0,,
1659,Helmet,Silver SR,0,0,,
1637,Life Jacket,Stohlquist Red and Black M,0,0,,
1635,Life Jacket,Stohlquist Red and Black S,0,0,,
1638,Life Jacket,Stohlquist Yellow M,0,0,,
1632,Life Jacket,Tempo 200 Red and Black XL,0,0,,
1830,Accessories,Translucent NRS Drybag 38L,0,0,,
1790,Paddle,White Carlisle Canoe 57in,0,0,,
1792,Paddle,White Carlisle Canoe 57in,0,0,,
1795,Paddle,White Carlisle Canoe 57in,0,0,,
1798,Paddle,White Carlisle Canoe 57in,0,0,,
1799,Paddle,White Carlisle Canoe 57in,0,0,,
1791,Paddle,White Carlisle Canoe 60in,0,0,,
1793,Paddle,White Carlisle Canoe 60in,0,0,,
1794,Paddle,White Carlisle Canoe 60in,0,0,,
1796,Paddle,White Carlisle Canoe 60in,0,0,,
1797,Paddle,White Carlisle Canoe 60in,0,0,,
1747,Kayak,White Liquidlogic Remix 59 creekboat,0,0,,
1838,Helmet,White NRS,0,0,,
1836,Helmet,White NRS,0,0,,
1833,Helmet,White NRS,0,0,,
1837,Helmet,White NRS,0,0,,
1839,Helmet,White NRS,0,0,,
1835,Helmet,White NRS,0,0,,
1834,Helmet,White NRS helmet,0,0,,
1696,Helmet,White SR L,0,0,,
1806,SUP,"Aaqua Marina Sup board, Paddle and 3 fins",0,0,,
1807,SUP,"Aaqua Marina Sup board, Paddle and 3 fins",0,0,,
1808,SUP,"Aaqua Marina Sup board, Paddle and 3 fins",0,0,,
1809,SUP,"Aaqua Marina Sup board, Paddle and 3 fins",0,0,,
399,Kayak,Yellow Liquid Logic Remix 69 Creekboat,0,0,,
892,Kayak,Yellow Liquidlogic Jefe creekboat,0,0,,
1633,Life Jacket,Yellow MTI Adult M/L,0,0,,
1606,Kayak,Yellow Wavesport Z Creekboat,0,0,,
1615,Paddle,Yellow Werner kayak 191cm,0,0,,
1620,Paddle,Yellow Werner kayak 194cm,0,0,,
904,Paddle,Yellow Werner kayak 194cm,0,0,,
1613,Paddle,Yellow Werner kayak 197cm,0,0,,
1621,Paddle,Yellow Werner kayak 197cm,0,0,,
6119,Paddle,Yellow Werner kayak 197cm,0,0,,
901,Paddle,Yellow Werner kayak 197cm,0,0,,
898,Paddle,Yellow Werner kayak 200cm,0,0,,
1616,Paddle,Yellow Werner kayak 203cm,0,0,,
1614,Paddle,Yellow Werner kayak 206 cm,0,0,,
1831,Accessories,Yellow WildWasser Drybag/Airbag,0,0,,
1848,Kayak,Yellow/Green Wavesport Mobius 65 playboat,0,0,,
2420,Scooter,Blue Razor Scooter,0,0,,
2004,Booties,Size 9 black,0,0,,
2005,Booties,Size 8 Black,0,0,,
2006,Booties,Size 7 black,0,0,,
2007,Booties,NRS Size 8 Black,0,0,,
2008,Booties,Mag Size 10,0,0,,
2009,Booties,Black Size 9,0,0,,
1716,Booties,Black Size 8/ 10,0,0,,
2010,Apparel,Black NRS Sleeveless wetsuit Medium,0,0,,
2011,Apparel,Black MTI Sleveless wetsuit Small,0,0,,
2012,Apparel,Black Neoprene Jacket Medium,0,0,,
2013,Apparel,Black Bodyglove Neoprene Jacket Medium,0,0,,
2014,Apparel,Black Wetsuit Large,0,0,,
2015,Apparel,Black Womens Wetsuit,0,0,,
2016,Accessories,Scuba Gear,0,0,,
2017,Skirt,IR Skirt Medium,0,0,,
2018,Skirt,IR Skirt Large,0,0,,
2019,Life Jacket,Yellow Lotus Medium,0,0,,
2020,Life Jacket,Yellow Lotus Medium,0,0,,
2021,Life Jacket,Red X-Stream Medium,0,0,,
2022,Life Jacket,Blue Astral Large,0,0,,
2023,Life Jacket,Blue Astral Large,0,0,,
2024,Accessories,OR Grey Drybad 15L,0,0,,
2025,Accessories,Yello Paddler Drybag,0,0,,
2026,Accessories,NRS Grey Drybag 10L,0,0,,
2027,Accessories,OR Black drybag 25L,0,0,,
941,Accessories,Yellow Blue Ridge drybag,0,0,,
2028,Apparel,Black Wetsuit Large,0,0,,
2029,Apparel,Green IR Drysuit Large,0,0,,
2030,Apparel,Green IR Drysuit Large,0,0,,
2031,Apparel,Blue IR Drysuit Medium/Small,0,0,,
1577,SUP,"NRS Grey SUP, repair kit, 4 fins",0,0,,
1578,SUP,"NRS Grey SUP, repair kit, 4 fins",0,0,,
2032,Paddle,Yellow Werner Kayak Paddle,0,0,,
2033,Paddle,Black Canoe Paddle,0,0,,
2034,Paddle,Orange Canoe Paddle,0,0,,
2035,Paddle,Orange Canoe Paddle,0,0,,
2036,Paddle,Blue Canoe Paddle,0,0,,
2037,Paddle,Black Canoe Paddle,0,0,,
2038,Paddle,Black Canoe Paddle,0,0,,
1800,Raft,NRS Big Blue Raft and car pump,0,0,,
1801,Raft,NRS Small Orange Raft and car pump,0,0,,
1157,Canoe,Whitewater Canoe,0,0,,
1603,Kayak,Recreational sit-on-top kayak,0,0,,
1602,Kayak,Recreational sit-on-top kayak,0,0,,
1601,Kayak,Recreational sit-on-top kayak,0,0,,
392,Paddle,Paddle of unknown type (at Dave Clarks),0,0,,
407,Paddle,Paddle of unknown type (at Dave Clarks),0,0,,
406,Paddle,Paddle of unknown type (at Dave Clarks),0,0,,
411,Paddle,Paddle of unknown type (at Dave Clarks),0,0,,
410,Paddle,Paddle of unknown type (at Dave Clarks),0,0,,
